link_type,target_title,target_url,observation_status
previous,Loop,https://lettersfortitles.com/loop/,observed on page 2026-08-22
next,Translating Eolhx,https://lettersfortitles.com/translating-helix/,observed on page 2026-08-22
internal,Axis Mundi,https://lettersfortitles.com/axismundi/,observed in page text 2026-08-22
internal,T is for Thincso,https://lettersfortitles.com/t-is-for-thincsus/,observed in page text 2026-08-22
internal,How to Navigate by the Sun,https://lettersfortitles.com/how-to-navigate-by-the-sun/,observed in page text 2026-08-22
internal,Œ is for Œdipean Riddle,https://lettersfortitles.com/oe-is-for-oedipean-riddle/,observed in page text 2026-08-22
internal,Rune Casting: Gifu,https://lettersfortitles.com/rune-casting-gifu/,observed in page text 2026-08-22
category,Twist,https://lettersfortitles.com/category/twist/,observed on page 2026-08-22
tag,Instruction Manual,https://lettersfortitles.com/tag/instruction-manual/,observed on page 2026-08-22
